Year, GDP_Real_millionUSD_2012,GDP_Nominal_millionUSD,GDP Deflator (index 2012=100),Population (in thousands),Nominal GDP per capita (current dollars),Real GDP per capita (year 2012 dollars),U.S. Consumer Price Index *,Costs of Unskilled Labor (index 1860 = 100),Production Workers Hourly Compensation (nominal dollars),Value of Consumer Bundle (dollars),Number of Consumer Units (thousands),Average Size of the Consumer Unit (number of persons),S&P_JanAvg,Annual Yield,PCE,IPP,Inflation_Avg,CAR_ownership,Cinema_AttendancePCT,RADIO_AMstations,TV_stations,Newspaper_Weekly,Newspaper_Sunday,Cstrip_Started,Cstrip_Active,Cstrip_Ended,MZ_Pub,MZ_Issues,CB_total,CB_Publishers,HHI,Price_Avg,adventure,animal,anthropomorphicanimal,aviation,car,children,crime,detective_mystery,domestic,drama,erotica,fantasy,fashion,history,horror_suspense,humor_all,jungle,martial_arts,math_science,medical,military,nature,nonfiction,religious,romance,satire_parody,science_fiction,sports,spy,superhero_all,all_but_superhero,sword_sorcery,teen,war,western_frontier,Genre_Gini,juv_delin,teenage,cinema,graphic nov,comics,Censor47,Censor54,female_lfp_pct,urban_pct,suburban_pct,central_city_pct,tv_penetration_pct,youth_5_19_pct,cars_per1000pop,comic_price_real,comics_per1000pop,suburban_urban_ratio
1938,1132300,87400,7.71,129969,672.0,8712.0,14.09,520.0,0.64,1452.0,39256.0,3.2,11.31,4.51,64300000000.0,800000000.0,-0.02,25167030.0,46.22,689.0,0.0,,,6,105,6,13.0,160.0,260,37,770.1183432,0.104048583,186,67,63,65,0,84,55,96,36,72,0,57,0,16,0,186,63,0,2,2,10,1,108,0,3,6,66,63,28,46,214,0,0,0,0,0.611683776,1.05e-06,9.8e-09,2.92e-06,0.0,4.34e-07,0,0,27.0,54.8,13.0,41.8,0.0,26.5,193.63871384714813,0.177820431415188,0.0020004770368318,23.72262773722628
1939,1223200,93400,7.64,131028,713.0,9335.0,13.89,527.0,0.64,1526.0,39235.0,3.3,12.5,4.96,67200000000.0,800000000.0,-0.01,26139526.0,46.39,722.0,0.0,,,8,107,4,17.0,241.0,351,50,797.8019659,0.098847262,252,91,82,91,0,88,73,128,45,91,0,49,0,9,3,234,63,0,0,10,12,5,141,0,0,9,83,93,45,119,232,0,0,0,0,0.615638767,1.09e-06,1.41e-08,2.51e-06,0.0,9.15e-07,0,0,27.5,55.65,13.85,41.8,0.0025,26.65,199.4957261043441,0.1713637198675305,0.0026788167414598,24.88769092542677
1940,1331100,102900,7.73,132122,779.0,10074.0,14.03,542.0,0.67,1626.0,39203.0,3.3,12.3,5.45,71300000000.0,800000000.0,0.01,27372397.0,49.72,765.0,0.0,41132000.0,32371000.0,14,116,5,29.0,550.0,767,117,350.9329598,0.09494008,512,76,63,180,1,129,71,286,41,80,0,72,0,16,12,327,165,0,4,0,17,9,169,0,1,5,276,140,109,517,250,0,0,0,0,0.681387503,1.02e-06,2.23e-08,1.96e-06,4.48e-10,9.95e-07,0,0,28.0,56.5,14.7,41.8,0.005,26.8,207.17516386370173,0.1629477638203848,0.0058052406109504,26.017699115044245
1941,1566800,129300,8.25,133402,969.0,11745.0,14.73,604.0,0.74,1834.0,39287.0,3.3,10.55,6.73,81100000000.0,1100000000.0,0.05,29524101.0,51.55,897.0,0.0,,,4,115,2,26.0,673.0,920,148,297.9206049,0.094547437,540,79,52,212,0,135,72,343,45,64,0,72,0,7,20,379,146,0,0,0,37,8,146,0,2,0,164,150,125,699,221,0,0,0,0,0.702492893,1.06e-06,4.04e-08,2.13e-06,7.23e-10,6.61e-07,0,0,30.5,56.46,15.56,40.900000000000006,0.0075,26.68,221.3167793586303,0.154562273113374,0.0068964483291105,27.5593340417995
1942,1862800,166000,8.91,134860,1231.0,13813.0,16.3,686.0,0.86,1950.0,39853.0,3.2,8.93,6.61,89000000000.0,1200000000.0,0.11,27868746.0,57.53,925.0,0.0,,,4,117,5,27.0,731.0,1064,181,272.8037198,0.096176471,500,124,93,194,0,170,64,252,45,75,1,93,1,26,16,576,112,0,3,5,84,9,191,10,1,7,81,106,112,698,366,0,0,0,0,0.684063321,1.51e-06,4.13e-08,1.73e-06,9.94e-10,6.47e-07,0,0,33.0,56.42,16.419999999999998,40.0,0.01,26.56,206.64945869790893,0.1420815596122699,0.0078896633545899,29.10315490960652
1943,2179900,203100,9.32,136739,1485.0,15942.0,17.3,757.0,0.98,2074.0,40289.0,3.2,10.09,6.05,99900000000.0,1100000000.0,0.06,25912730.0,61.69,912.0,0.0,,,11,123,8,29.0,872.0,1171,203,274.8823876,0.110828025,437,240,197,191,0,200,52,223,53,58,0,89,0,25,6,663,96,0,4,18,117,5,155,12,4,5,57,86,103,632,539,0,0,0,0,0.683728856,2.41e-06,6.1e-08,1.87e-06,1.72e-10,1.02e-06,0,0,34.5,56.38,17.28,39.1,0.0125,26.44,189.50504245314065,0.1542623608092485,0.00856376015621,30.649166371053564
1944,2353200,224400,9.54,138397,1622.0,17004.0,17.6,791.0,1.05,2193.0,40615.0,3.2,11.85,5.4,109000000000.0,1200000000.0,0.02,25466331.0,60.52,924.0,0.0,,,7,121,2,39.0,845.0,1240,250,212.3959417,0.112087912,459,273,231,156,0,179,69,229,64,69,0,92,0,26,21,688,92,0,6,17,114,9,151,1,5,4,82,74,93,605,635,0,0,0,0,0.677937702,3.43e-06,8.76e-08,2.16e-06,0.0,6.96e-07,0,0,36.0,56.34,18.14,38.2,0.015,26.32,184.0092704321625,0.1533566432363636,0.0089597317860936,32.197373091941785
1945,2330200,228000,9.79,139928,1629.0,16653.0,18.0,813.0,1.06,2401.0,41047.0,3.2,13.49,4.89,120000000000.0,1400000000.0,0.02,25694926.0,58.7,933.0,0.0,48384000.0,39860000.0,8,126,6,50.0,842.0,1213,278,190.0610928,0.101471861,437,310,275,134,0,170,66,201,67,73,0,89,3,34,17,716,88,0,9,11,91,12,150,4,10,5,72,75,73,533,680,0,0,0,0,0.677860245,1.94e-06,7.67e-08,2.23e-06,1.66e-10,7.61e-07,0,0,37.0,56.3,19.0,37.3,0.0175,26.2,183.62962380652908,0.1357468007155555,0.0086687439254473,33.74777975133215
1946,2059800,227500,11.05,141389,1609.0,14568.0,19.54,900.0,1.13,3051.0,41955.0,3.2,18.02,3.94,144000000000.0,1800000000.0,0.09,28103880.0,58.7,1004.0,0.0,50928000.0,43665000.0,6,123,7,55.0,1190.0,1662,290,183.7491547,0.098802773,555,478,431,156,2,286,89,253,62,92,0,144,12,25,23,1036,99,0,31,11,60,29,221,25,10,6,75,157,80,633,1029,0,0,0,0,0.684134665,1.94e-06,1.14e-07,2.99e-06,0.0,8.74e-07,0,0,34.25,56.26,19.86,36.4,0.02,26.36,198.7699184519305,0.1217589955905834,0.0117548041219613,35.300391041592604
1947,2036200,249600,12.26,144126,1732.0,14128.0,22.34,1017.0,1.3,3419.0,42729.0,3.2,15.21,5.52,162000000000.0,2000000000.0,0.14,30722855.0,50.55,1517.0,0.0,51673000.0,45151000.0,8,123,2,41.0,1316.0,1797,274,315.0585794,0.096670561,516,497,457,126,1,311,129,245,63,88,0,147,12,42,20,1122,130,0,11,5,15,20,223,46,33,4,76,151,60,553,1244,0,0,0,0,0.688447395,2.17e-06,1.33e-07,3.09e-06,7.58e-10,8.35e-07,0,0,31.5,56.22,20.72,35.5,0.21,26.52,213.1666389131732,0.1041999601110116,0.0124682569418425,36.85521166844539
1948,2120000,274500,12.95,146631,1872.0,14458.0,24.08,1087.0,1.41,3597.0,44185.0,3.2,14.83,6.27,175000000000.0,2100000000.0,0.08,33218261.0,45.39,1962.0,17.0,52285000.0,46308000.0,8,128,1,42.0,1522.0,2128,239,296.2248785,0.12324669,467,408,368,95,1,263,280,269,80,80,0,153,16,11,24,1158,172,1,7,10,20,18,281,42,63,6,80,157,27,487,1641,0,0,0,0,0.677135327,1.71e-06,1.24e-07,3.35e-06,0.0,8.95e-07,1,0,32.7,56.18,21.58,34.6,0.4,26.68,226.5432343774509,0.12324669,0.0145126201144369,38.4122463510146
1949,2108000,272500,12.93,149188,1826.0,14130.0,23.85,1131.0,1.46,3553.0,45858.0,3.2,15.36,7.42,178000000000.0,2000000000.0,-0.01,36316972.0,41.24,2127.0,50.0,52846000.0,46399000.0,5,131,4,42.0,1561.0,2409,284,297.3576499,0.098657427,431,378,330,63,0,286,251,230,73,73,0,121,22,20,34,1070,128,1,9,14,10,15,350,27,345,9,62,170,24,357,2052,0,0,0,0,0.662625523,1.5e-06,1.47e-07,2.55e-06,3.3e-10,1.3e-06,1,0,33.3,56.14,22.44,33.7,4.7,26.84,243.4309193768936,0.0996088403421383,0.0161474113199453,39.97149982187389
1950,2291100,299800,13.09,151684,1977.0,15104.0,24.08,1184.0,1.55,3740.0,47247.0,3.2,16.88,8.71,192000000000.0,2300000000.0,0.01,40190632.0,36.25,2234.0,97.0,53829000.0,46582000.0,12,138,7,41.0,1586.0,2466,300,396.2634736,0.098445378,275,357,325,29,4,237,180,164,72,84,0,79,23,11,52,930,95,0,5,14,8,6,341,25,505,13,74,121,22,261,2205,0,0,0,0,0.676893485,1.39e-06,1.37e-07,2.91e-06,1.21e-09,1.16e-06,1,0,33.9,56.1,23.3,32.8,9.0,27.0,264.9628965480868,0.0984453779999999,0.0162574826613222,41.53297682709447
1951,2475400,346900,14.01,154287,2248.0,16044.0,25.98,1283.0,1.72,3938.0,48243.0,3.2,21.21,6.65,208000000000.0,2400000000.0,0.08,42530935.0,32.09,2351.0,107.0,54018000.0,46279000.0,4,132,3,41.0,1823.0,2801,271,342.6009046,0.101654412,257,406,380,34,4,185,264,165,69,88,0,100,22,19,137,968,98,0,11,15,33,7,352,29,406,8,150,95,37,230,2571,0,0,0,0,0.650464125,1.24e-06,1.57e-07,2.93e-06,1.14e-10,8.36e-07,1,0,34.26,57.48,24.06,33.42,21.6,27.5,275.66117041617247,0.0942201016535796,0.0181544783423101,41.8580375782881
1952,2576700,367300,14.26,156954,2340.0,16417.0,26.55,1358.0,1.83,4084.0,48988.0,3.2,24.19,5.83,219000000000.0,3000000000.0,0.02,43659062.0,28.27,2408.0,108.0,53951000.0,46210000.0,7,134,6,40.0,2211.0,3286,262,320.8691848,0.100870918,221,390,339,49,21,166,313,162,64,66,0,105,25,18,392,929,115,0,24,8,51,6,372,24,518,7,174,94,44,203,3083,0,0,0,0,0.64210084,1.15e-06,1.56e-07,2.93e-06,0.0,8.28e-07,1,0,34.62,58.86,24.82,34.04,34.2,28.0,278.1646979369752,0.0914866932369114,0.0209360704410209,42.16785592932382
1953,2697500,389200,14.43,159565,2439.0,16905.0,26.75,1450.0,1.94,4287.0,49715.0,3.2,26.18,5.54,233000000000.0,3700000000.0,0.01,46258305.0,26.11,2524.0,129.0,54472000.0,45949000.0,4,132,6,41.0,1856.0,2930,240,340.9358292,0.10317132,210,472,434,23,13,189,224,120,74,74,0,92,27,15,400,872,86,3,15,3,72,8,253,26,419,14,193,62,38,180,2750,0,0,0,0,0.650075905,1.74e-06,1.83e-07,2.79e-06,0.0,8.51e-07,1,0,34.980000000000004,60.24,25.58,34.660000000000004,44.3,28.5,289.90257888634727,0.0928734723588785,0.0183624228370883,42.46347941567065
1954,2681900,390500,14.56,162391,2405.0,16515.0,26.88,1521.0,1.97,4394.0,50176.0,3.2,25.46,6.05,240000000000.0,3900000000.0,0.0,48293457.0,29.1,2636.0,356.0,55072000.0,46176000.0,9,133,3,45.0,1761.0,2822,265,379.4274107,0.101717967,189,413,373,12,3,156,223,88,51,61,0,85,29,18,341,774,83,0,22,7,55,6,229,23,419,51,133,47,21,182,2640,0,0,0,0,0.653797523,3.31e-06,2.59e-07,2.53e-06,7.71e-10,2.04e-06,1,0,35.34,61.620000000000005,26.34,35.28,54.400000000000006,29.0,297.389984666638,0.0911223454375,0.0173778103466325,42.7458617332035
1955,2873200,425500,14.81,165275,2574.0,17384.0,26.78,1584.0,2.05,4688.0,50969.0,3.2,35.6,4.61,258000000000.0,4300000000.0,0.0,51960532.0,30.59,2774.0,439.0,56147000.0,46448000.0,5,135,8,42.0,1609.0,2455,207,502.3158192,0.101608911,219,381,335,20,7,172,126,91,45,71,0,106,20,19,69,784,78,0,20,8,43,10,204,16,348,28,136,44,13,170,2285,0,0,0,0,0.660841227,4.87e-06,2.75e-07,2.49e-06,2.09e-10,1.5e-06,1,1,35.7,63.0,27.1,35.9,64.5,29.5,314.3883345938587,0.0913645473069454,0.0148540311601875,43.01587301587302
1956,2934400,449400,15.31,168221,2671.0,17444.0,27.18,1662.0,2.16,4853.0,51878.0,3.2,44.15,3.94,271000000000.0,5200000000.0,0.01,54013753.0,30.26,2935.0,482.0,57102000.0,47162000.0,6,133,4,27.0,1447.0,2222,182,680.438881,0.101406534,168,356,308,9,3,193,79,74,46,51,0,157,34,16,56,744,58,0,15,5,57,9,141,28,314,10,177,23,19,122,2100,0,0,0,0,0.670879476,3.03e-06,3.44e-07,2.81e-06,2.09e-10,8.49e-07,1,1,36.1,64.38,27.86,36.52,70.73333333333333,30.02,321.0880508378859,0.0898406673554084,0.0132088145950862,43.274308791550176
1957,2996200,474000,15.82,171274,2768.0,17493.0,28.15,1745.0,2.24,5074.0,52532.0,3.2,45.43,3.94,286000000000.0,5600000000.0,0.04,55704636.0,24.11,3125.0,511.0,57805000.0,47044000.0,7,136,4,22.0,1312.0,2073,153,882.1875169,0.102586628,163,400,341,10,11,234,62,55,45,56,0,161,20,13,51,788,50,0,18,1,40,6,229,22,216,11,131,40,4,132,1941,0,0,0,0,0.689816954,2.58e-06,4.59e-07,2.98e-06,6.76e-10,7.31e-07,1,1,36.5,65.76,28.62,37.14000000000001,76.96666666666667,30.54,325.23696533040624,0.0877543872909413,0.0121034132442752,43.521897810218974
1958,2974000,481200,16.18,174141,2763.0,17078.0,28.92,1830.0,2.39,5193.0,53217.0,3.2,41.12,4.26,296000000000.0,6000000000.0,0.03,56664435.0,19.95,3295.0,544.0,57418000.0,46955000.0,11,141,6,26.0,1065.0,2014,176,1000.331345,0.10915,148,424,364,7,10,237,39,50,38,40,0,134,25,15,52,802,41,1,18,6,47,8,305,22,210,27,161,26,1,155,1859,0,0,0,0,0.698548801,2.08e-06,5.36e-07,3.25e-06,7.72e-10,5.66e-07,1,1,36.900000000000006,67.14,29.38,37.760000000000005,83.2,31.06,325.39399107619687,0.0908828492392807,0.0115653407296386,43.75930890676199
1959,3180200,521700,16.4,177130,2945.0,17954.0,29.16,1903.0,2.45,5501.0,54061.0,3.2,55.62,3.29,317000000000.0,6600000000.0,0.01,59213993.0,18.12,3440.0,562.0,58300000.0,47848000.0,7,141,6,20.0,891.0,1717,113,1201.900621,0.110716366,106,339,293,10,8,240,20,35,34,16,0,120,34,21,22,691,34,2,28,0,54,8,234,19,166,24,196,25,1,153,1564,0,0,0,0,0.696466176,3.26e-06,7.66e-07,2.86e-06,6.28e-10,5.17e-07,1,1,37.3,68.52000000000001,30.14,38.38000000000001,85.15,31.58,334.296804606786,0.0914283296735253,0.0096934454920115,43.98715703444249
1960,3262100,542400,16.63,180760,3001.0,18046.0,29.62,1976.0,2.54,5632.0,55306.0,3.2,58.03,3.36,331000000000.0,7100000000.0,0.01,61419948.0,16.96,3527.0,573.0,58882000.0,47699000.0,4,138,4,14.0,926.0,1706,103,1164.554039,0.108215962,115,320,274,6,7,235,9,29,34,27,0,125,28,20,42,664,27,4,40,0,37,9,228,19,186,27,182,30,1,169,1537,0,0,0,0,0.688361316,2.61e-06,8.81e-07,3.16e-06,5.94e-10,5.88e-07,1,1,37.7,69.9,30.9,39.00000000000001,87.1,32.1,339.78727594600576,0.0879757044213369,0.0094379287452976,44.20600858369098
1961,3345700,562200,16.8,183742,3060.0,18209.0,29.92,2047.0,2.6,5632.0,55306.0,3.2,59.72,3.38,342000000000.0,8000000000.0,0.01,63156647.0,14.96,3667.0,583.0,59261000.0,48216000.0,4,138,7,14.0,901.0,1686,94,1098.101876,0.110309893,106,311,270,5,9,229,9,30,34,12,0,133,30,20,60,647,16,0,39,8,37,7,221,20,177,28,231,22,4,203,1483,0,0,0,0,0.688989235,2.39e-06,8.4e-07,2.78e-06,8.72e-10,5.74e-07,1,1,38.02,70.27000000000001,31.53,38.74000000000001,88.19999999999999,32.68,343.7246084183257,0.0887788176283422,0.0091759096994699,44.86978796072292
1962,3550700,603900,17.01,186590,3237.0,19029.0,30.26,2114.0,2.71,5800.0,56753.0,3.2,69.07,3.08,363000000000.0,8400000000.0,0.01,65801946.0,12.8,3911.0,563.0,59849000.0,48888000.0,6,137,6,15.0,704.0,1611,85,1101.046845,0.119600499,118,240,210,4,12,205,18,24,29,29,0,162,10,34,88,622,20,0,46,22,39,4,253,17,173,36,229,22,7,258,1353,0,0,0,0,0.665071146,1.92e-06,8.92e-07,3.03e-06,6.02e-10,4.73e-07,1,1,38.34,70.64,32.16,38.48,89.3,33.26,352.655265555496,0.0951744882987442,0.008633903210247,45.526613816534535
1963,3705300,637500,17.2,189300,3367.0,19574.0,30.62,2181.0,2.83,6014.0,57517.0,3.1,65.06,3.5,382000000000.0,9200000000.0,0.01,68738863.0,11.81,3924.0,579.0,58905000.0,46830000.0,5,136,6,14.0,720.0,1722,118,1029.864256,0.112236534,144,240,219,6,15,221,7,31,36,36,0,148,12,30,71,634,24,1,34,46,40,15,258,12,187,32,219,20,4,316,1406,0,0,0,0,0.664294233,2.15e-06,9.78e-07,2.7e-06,3.53e-10,4.79e-07,1,1,38.66,71.01,32.79,38.220000000000006,90.4,33.84,363.12130480718434,0.0882643938184193,0.0090966719492868,46.176594845796366
1964,3918800,684500,17.47,191927,3566.0,20418.0,31.03,2245.0,2.89,6320.0,58655.0,3.1,76.45,3.27,411000000000.0,9800000000.0,0.02,71675906.0,9.64,4039.0,582.0,60412000.0,48383000.0,4,133,5,14.0,572.0,1580,98,1042.645409,0.119120459,120,209,175,6,13,212,20,19,40,35,0,148,11,9,63,568,31,0,34,12,22,12,185,14,138,33,170,21,12,357,1223,0,0,0,0,0.672992365,1.79e-06,1.15e-06,2.84e-06,5.25e-10,3.94e-07,1,1,38.98,71.38,33.42,37.96,91.5,34.42,373.4540007398646,0.0924402401778923,0.0082322966544571,46.81983748949286
1965,4173400,742300,17.79,194347,3819.0,21474.0,31.56,2314.0,3.0,6623.0,60203.0,3.1,86.12,3.16,443000000000.0,11100000000.0,0.03,74909365.0,9.81,4077.0,586.0,60358000.0,48600000.0,12,138,3,13.0,479.0,1566,89,1053.354407,0.126379974,110,184,165,3,24,229,8,12,42,19,2,134,3,17,54,569,39,1,26,6,19,4,148,14,127,35,144,12,20,420,1146,0,0,0,0,0.696615944,2.07e-06,1.26e-06,2.8e-06,1.36e-10,3.57e-07,1,1,39.3,71.75,34.05,37.7,92.6,35.0,385.44132402352494,0.0964267989201521,0.0080577523707595,47.45644599303135
1966,4448700,813400,18.28,196599,4137.0,22628.0,32.46,2399.0,3.14,6994.0,61444.0,3.1,93.32,3.08,480000000000.0,12800000000.0,0.03,77752487.0,9.81,4129.0,596.0,61397000.0,49282000.0,5,140,7,18.0,467.0,1704,107,983.9799753,0.133530106,136,200,180,9,26,249,6,11,29,22,0,132,3,20,74,559,27,4,12,2,20,13,132,4,119,55,156,12,49,566,1138,0,0,0,0,0.703687135,1.54e-06,1.27e-06,3.28e-06,3.96e-10,4.05e-07,1,1,40.1,72.12,34.68,37.440000000000005,93.14,34.9,395.48770339625327,0.0990574538656808,0.008667388949079,48.08652246256239
1967,4570700,860000,18.82,198752,4327.0,22997.0,33.4,2515.0,3.29,7220.0,62553.0,3.0,84.45,3.46,507000000000.0,14000000000.0,0.04,79998511.0,8.81,4190.0,623.0,61561000.0,49224000.0,2,135,4,14.0,437.0,1720,132,960.6882098,0.138055222,132,194,182,5,27,247,13,10,21,13,0,107,2,12,60,585,50,4,3,1,37,10,106,3,113,70,151,28,68,537,1183,0,0,0,0,0.704375408,1.91e-06,1.32e-06,3.26e-06,5.99e-11,3.89e-07,1,1,40.9,72.49,35.31,37.17999999999999,93.68,34.8,402.5041810900016,0.0995320283161676,0.008654000966028,48.71016691957512
1968,4795400,940700,19.62,200745,4686.0,23888.0,34.8,2660.0,3.52,7675.0,64416.0,3.0,95.04,3.23,557000000000.0,15600000000.0,0.05,83189008.0,8.98,4249.0,644.0,62535000.0,49693000.0,8,136,4,16.0,331.0,1484,121,1092.316243,0.153396739,85,159,141,6,22,235,7,4,15,8,1,77,10,11,51,557,36,1,5,1,12,5,87,3,111,46,107,24,38,432,1052,0,0,0,0,0.727406592,1.36e-06,1.24e-06,3.11e-06,2.94e-10,4.81e-07,1,1,41.7,72.86,35.940000000000005,36.92,94.22,34.7,414.4013948043538,0.1061434906643678,0.0073924630750454,49.32747735382927
1969,4945200,1017600,20.58,202736,5019.0,24392.0,36.67,2822.0,3.72,8087.0,66112.0,3.0,102.04,3.1,604000000000.0,17200000000.0,0.06,86414179.0,8.65,4300.0,672.0,62060000.0,49675000.0,7,138,5,15.0,435.0,1711,165,1080.11864,0.167928994,92,189,174,2,25,312,7,7,22,21,0,112,18,12,113,636,47,0,5,1,11,3,85,0,131,47,127,24,22,401,1310,0,0,0,0,0.721888756,1.43e-06,1.39e-06,3.4e-06,8.79e-10,4.11e-07,1,1,42.5,73.22999999999999,36.57,36.65999999999999,94.76,34.6,426.2399327203851,0.1102735253755113,0.0084395469970799,49.938549774682514
1970,4954400,1073300,21.66,205089,5233.0,24157.0,38.84,3021.0,3.93,8463.0,67603.0,3.0,90.33,3.48,647000000000.0,17900000000.0,0.04,88775294.0,8.98,4344.0,872.0,62108000.0,49217000.0,11,141,9,14.0,445.0,1705,188,1172.27406,0.185189573,51,223,205,2,31,293,8,6,34,16,3,105,15,10,149,657,41,0,7,0,17,2,54,2,135,45,93,26,6,341,1364,0,0,0,0,0.730728846,1.52e-06,1.42e-06,3.37e-06,5.3e-10,4.57e-07,1,1,43.3,73.6,37.2,36.39999999999999,95.3,34.5,432.8622890549957,0.1148137208506694,0.0083134639107899,50.54347826086957
1971,5117600,1164900,22.76,207692,5609.0,24640.0,40.51,3265.0,4.26,8939.0,69145.0,2.9,93.49,3.28,700000000000.0,18700000000.0,0.03,92221291.0,7.48,4383.0,892.0,62231000.0,49665000.0,0,132,7,18.0,474.0,1800,214,1045.666667,0.232455157,54,234,227,2,15,294,19,17,28,19,2,125,8,2,204,571,44,0,5,2,14,3,48,4,156,59,129,14,8,368,1432,0,0,0,0,0.721528312,1.6e-06,1.29e-06,3.45e-06,7.67e-10,4.5e-07,1,1,43.9,73.61,37.96,35.65,95.66,34.0,444.0290959690311,0.1381762572342631,0.0086666795061918,51.56908028800436
1972,5386700,1279100,23.75,209924,6093.0,25660.0,41.85,3499.0,4.59,9512.0,71220.0,2.9,103.3,3.05,768000000000.0,20600000000.0,0.06,96553073.0,8.98,4411.0,905.0,62510000.0,50001000.0,0,125,10,15.0,495.0,2036,217,1046.636959,0.294786495,119,248,237,56,17,296,16,62,18,36,4,146,6,14,275,528,102,0,7,13,9,5,64,14,183,55,189,16,42,442,1594,0,0,0,0,0.66371544,1.42e-06,1.48e-06,3.75e-06,8.38e-10,5.7e-07,1,1,44.5,73.61999999999999,38.72,34.89999999999999,96.02,33.5,459.9429936548465,0.1696166977204301,0.0096987481183666,52.59440369464819
1973,5690900,1425400,25.05,211939,6725.0,26851.0,44.45,3734.0,4.95,9512.0,71220.0,2.9,118.42,2.85,850000000000.0,22700000000.0,0.11,101412229.0,7.65,4431.0,922.0,63147000.0,51717000.0,0,115,7,16.0,394.0,2324,226,941.0632449,0.280917352,190,303,295,74,11,354,16,123,35,109,1,175,9,8,379,677,113,4,3,56,46,0,32,18,182,53,228,58,58,491,1833,0,0,0,0,0.645072221,1.48e-06,1.42e-06,3.41e-06,7.59e-10,4.36e-07,1,1,45.1,73.63,39.48,34.14999999999999,96.38,33.0,478.49725156766806,0.1521819985637795,0.0109654192951745,53.619448594322975
1974,5660100,1545200,27.3,213898,7224.0,26462.0,49.33,4008.5,5.44,10147.0,72740.0,2.9,96.11,3.75,930000000000.0,25500000000.0,0.09,104228855.0,8.81,4448.0,938.0,61877000.0,51679000.0,0,108,11,15.0,318.0,2037,190,1285.431592,0.403541147,157,253,246,55,5,333,32,112,10,78,2,147,0,5,416,538,103,30,2,52,31,1,25,15,109,55,263,64,56,494,1543,0,0,0,0,0.651770765,2.1e-06,1.44e-06,3.74e-06,1.19e-10,5.9e-07,1,1,45.7,73.64,40.24,33.4,96.74,32.5,487.2829806730311,0.1969850156042976,0.0095232306987442,54.64421510048887
1975,5648500,1684900,29.83,215981,7801.0,26153.0,53.84,4353.57,6.02,11006.0,73914.0,2.8,72.56,5.07,1030000000000.0,27800000000.0,0.06,106064579.0,8.81,4477.0,952.0,60655000.0,51096000.0,0,97,6,15.0,353.0,2370,187,1238.825687,0.390076336,174,236,231,52,6,359,35,88,6,67,2,160,0,7,370,592,117,53,1,54,12,0,30,14,141,55,264,59,58,602,1768,0,0,0,0,0.661523751,1.16e-06,1.49e-06,3.4e-06,2.9e-10,4.63e-07,1,1,46.3,73.65,41.0,32.650000000000006,97.1,32.0,491.0829147008301,0.1744620759821694,0.010973187456304,55.66870332654447
1976,5952800,1873400,31.47,218086,8590.0,27296.0,56.94,4768.12,6.53,11925.0,75566.0,2.8,96.86,4.18,1150000000000.0,32200000000.0,0.07,109513168.0,7.65,4513.0,962.0,60977000.0,51565000.0,0,91,5,13.0,380.0,2251,215,1235.478343,0.451193156,137,256,251,17,4,359,21,45,5,35,4,121,1,7,191,610,59,53,3,17,16,0,24,9,69,73,230,22,22,645,1606,0,0,0,0,0.716415786,1.67e-06,1.75e-06,3.61e-06,6.6e-10,5.74e-07,1,1,47.34,73.66,41.76,31.9,97.3,31.2,502.155883458819,0.1908101720491745,0.0103216162431334,56.69291338582677
1977,6228100,2081800,33.43,220289,9450.0,28272.0,60.61,5150.13,7.15,12960.0,76749.0,2.8,103.81,4.5,1270000000000.0,35800000000.0,0.08,111566433.0,8.98,4536.0,984.0,61495000.0,52429000.0,0,86,6,13.0,219.0,2006,190,1264.233223,0.517900609,124,270,266,4,1,350,10,30,7,27,2,117,0,3,150,558,25,39,2,4,13,0,20,9,8,82,186,8,10,679,1327,0,0,0,0,0.761455314,1.22e-06,2.04e-06,3.44e-06,7.06e-10,6.1e-07,1,1,48.38,73.67,42.52,31.15000000000001,97.5,30.4,506.45485248923006,0.2057588956396634,0.0091062195570364,57.71684539161124
1978,6572800,2351600,35.78,222629,10563.0,29524.0,65.22,5569.88,7.77,14072.0,78534.0,2.8,90.25,5.62,1420000000000.0,40400000000.0,0.11,115824891.0,9.81,4569.0,986.0,61990000.0,53990000.0,0,80,1,12.0,197.0,2002,219,1374.529566,0.624059003,100,279,275,1,5,301,14,16,7,19,3,129,0,5,171,457,24,22,1,4,9,0,16,11,5,71,216,9,8,642,1360,0,0,0,0,0.759219858,1.06e-06,2.73e-06,3.26e-06,5.94e-10,5.11e-07,1,1,49.42,73.68,43.28,30.40000000000001,97.7,29.6,520.2596741664383,0.23041000908065,0.0089925391570729,58.74049945711183
1979,6780900,2627300,38.75,225106,11672.0,30123.0,72.57,6041.5,8.34,15363.0,79737.0,2.7,99.71,5.67,1590000000000.0,48100000000.0,0.14,117615166.0,9.98,4599.0,992.0,62223000.0,54380000.0,0,79,2,11.0,189.0,1867,213,1247.624214,0.68010989,66,283,277,3,2,316,13,11,12,24,2,88,2,8,145,469,22,16,2,4,11,7,16,11,16,79,213,7,14,560,1307,0,0,0,0,0.751247739,9.16e-07,2.21e-06,3.56e-06,5.89e-10,4.37e-07,1,1,50.46,73.69,44.04,29.65,97.9,28.8,522.4879212459908,0.2256724011464793,0.0082938704432578,59.76387569548108
1980,6763500,2857300,42.25,227726,12547.0,29700.0,82.38,6649.9,9.12,16184.0,83052.0,2.7,110.87,5.56,1750000000000.0,54400000000.0,0.1,120743495.0,8.98,4651.0,1013.0,62202000.0,54676000.0,0,77,1,9.0,126.0,1728,161,1465.962309,0.728214286,79,193,188,4,1,282,28,23,0,23,1,100,3,7,133,393,3,13,2,0,3,0,14,10,7,79,209,15,9,628,1100,0,0,0,0,0.766962785,8.33e-07,2.47e-06,3.82e-06,1.02e-09,5.33e-07,1,1,51.5,73.7,44.8,28.90000000000001,98.1,28.0,530.21391935923,0.2128599175392085,0.0075880663604507,60.786974219810034
1981,6935200,3207000,46.24,230008,13943.0,30152.0,90.93,7208.77,10.0,16988.0,84249.0,2.7,132.97,4.99,1930000000000.0,64800000000.0,0.06,122241488.0,8.65,4700.0,1019.0,61431000.0,55180000.0,0,76,4,14.0,103.0,1652,163,1479.020221,0.82955665,103,142,138,2,2,245,25,27,2,22,2,103,5,3,150,412,14,17,2,2,5,0,15,6,8,78,196,12,16,652,1000,0,0,0,0,0.759913941,8.66e-07,2.59e-06,3.55e-06,1.3e-09,4.94e-07,1,1,52.1,73.85000000000001,45.31,28.540000000000013,98.18,27.3,531.4662446523599,0.219682438491147,0.0071823588744739,61.35409614082599
1982,6810100,3343800,49.1,232218,14399.0,29326.0,96.5,7588.43,10.8,17480.0,85742.0,2.7,117.28,5.86,2070000000000.0,72700000000.0,0.03,122767091.0,9.98,4763.0,1020.0,62487000.0,56261000.0,0,72,2,12.0,105.0,1629,176,1520.827422,0.980653266,111,143,133,6,3,201,51,24,2,28,0,143,3,9,137,387,19,13,2,9,4,0,17,7,8,86,204,19,14,649,980,0,0,0,0,0.73993808,8.64e-07,2.49e-06,3.84e-06,2.49e-09,5.16e-07,1,1,52.7,74.0,45.82,28.18,98.26,26.6,528.6717265672773,0.2447060170495336,0.0070149600806139,61.91891891891892
1983,7122300,3634000,51.02,234333,15508.0,30394.0,99.6,7913.85,11.22,19043.0,87564.0,2.6,144.27,4.91,2280000000000.0,81300000000.0,0.04,125489216.0,8.81,4828.0,1090.0,62645000.0,56747000.0,0,70,1,11.0,37.0,1612,169,1685.582388,1.179608586,129,120,120,0,0,47,21,33,6,30,0,165,3,3,97,262,17,12,2,2,1,0,14,3,11,80,230,9,14,737,875,0,0,0,0,0.772601476,7.05e-07,2.69e-06,3.95e-06,1.36e-09,6.72e-07,1,1,53.3,74.15,46.33,27.820000000000007,98.34,25.9,535.5166195115498,0.285190509546988,0.0068790994012793,62.48145650708024
1984,7637700,4037600,52.86,236394,17080.0,32309.0,103.9,8201.54,11.78,21975.0,90223.0,2.6,166.39,4.53,2490000000000.0,95000000000.0,0.04,127161802.0,8.98,4897.0,1149.0,63340000.0,57574000.0,0,69,5,12.0,40.0,1785,186,1592.219633,1.321294719,183,105,103,1,0,50,11,31,10,39,2,205,11,3,85,298,13,15,2,2,5,1,4,5,8,75,317,7,12,805,980,0,0,0,0,0.783686731,7.19e-07,2.86e-06,4.24e-06,3e-09,6.44e-07,1,1,53.9,74.3,46.84,27.46,98.42,25.2,537.9231367970423,0.3062249935853705,0.0075509530698748,63.04172274562584
1985,7956200,4339000,54.54,238506,18192.0,33358.0,107.6,8484.52,12.5,23490.0,91564.0,2.6,171.61,4.6,2710000000000.0,105000000000.0,0.02,126425301.0,7.98,4975.0,1194.0,62766000.0,58826000.0,0,64,5,13.0,35.0,1901,211,1799.232996,1.40233298,168,110,105,3,1,88,24,39,4,32,3,207,5,3,74,318,6,9,1,2,5,1,9,2,11,99,402,5,9,841,1060,0,0,0,0,0.788248942,6.02e-07,3.19e-06,4.55e-06,4.44e-09,6.91e-07,1,1,54.5,74.45,47.35,27.10000000000001,98.5,24.5,530.0717843576263,0.3138306520297397,0.0079704493807283,63.59973136333108
1986,8231700,4579600,55.63,240683,19028.0,34201.0,109.6,8647.23,12.9,23866.0,94044.0,2.6,208.19,3.98,2890000000000.0,114000000000.0,0.04,128519551.0,7.98,5026.0,1220.0,62502000.0,58925000.0,0,59,5,14.0,32.0,2375,407,1121.285319,1.653190132,211,207,199,3,0,96,43,61,3,30,5,234,7,7,109,410,14,30,6,1,6,0,10,7,15,141,386,5,11,954,1421,0,0,0,0,0.762644952,5.79e-07,3.18e-06,4.33e-06,5.57e-09,6.48e-07,1,1,55.1,74.60000000000001,47.86,26.74000000000001,98.5,24.1,533.9785153085179,0.363219145789781,0.0098677513575948,64.15549597855227
1987,8516400,4855200,57.01,242843,19993.0,35070.0,113.6,8838.23,13.05,24414.0,94150.0,2.6,264.51,3.33,3080000000000.0,120000000000.0,0.04,129980193.0,8.81,5072.0,1285.0,62826000.0,60112000.0,0,54,3,19.0,49.0,2980,542,596.9618486,1.706377205,337,277,272,2,6,99,48,87,5,64,6,264,11,5,111,495,9,64,2,1,14,0,12,6,6,165,549,6,25,1121,1859,0,0,0,0,0.759349746,5.68e-07,3.39e-06,4.35e-06,8.52e-09,6.3e-07,1,1,55.7,74.75,48.37,26.380000000000003,98.5,23.7,535.243729487776,0.3617039004964788,0.0122713028582252,64.70903010033445
1988,8872200,5236400,59.02,245061,21368.0,36204.0,118.3,9175.44,13.58,25892.0,94862.0,2.6,250.48,3.88,3330000000000.0,133000000000.0,0.05,132343515.0,8.81,5199.0,1342.0,62695000.0,61474000.0,0,51,6,23.0,77.0,3013,468,986.9380048,1.965625,389,215,211,7,10,84,35,90,4,67,5,189,5,5,150,414,15,69,1,2,17,0,4,5,7,108,523,21,45,1207,1806,0,0,0,0,0.762656702,5.51e-07,3.45e-06,4.83e-06,1.24e-08,7.57e-07,1,1,56.3,74.9,48.88,26.02000000000001,98.5,23.3,540.043152521209,0.4001035502958579,0.0122948980049865,65.260347129506
1989,9198000,5641600,61.34,247387,22805.0,37181.0,124.0,9484.36,14.0,27810.0,95818.0,2.6,285.41,3.87,3580000000000.0,150000000000.0,0.05,133009695.0,9.98,5223.0,1395.0,62649000.0,62008000.0,0,45,2,21.0,75.0,3143,532,958.8175229,2.355842479,351,211,209,1,14,67,48,81,4,57,5,221,1,4,136,442,37,59,0,1,31,0,19,6,7,97,551,29,45,1304,1839,0,0,0,0,0.763890103,5.71e-07,3.27e-06,4.27e-06,1.27e-08,8.79e-07,1,1,56.9,75.05,49.39,25.66,98.5,22.9,537.6583854446677,0.4574894104380644,0.0127047904699923,65.80946035976017
1990,9371500,5963100,63.63,250181,23835.0,37459.0,130.7,9878.16,14.41,28381.0,96968.0,2.6,339.97,3.56,3810000000000.0,164000000000.0,0.04,132164330.0,8.81,,1436.0,62328000.0,62635000.0,0,43,3,17.0,72.0,3136,491,963.5247195,2.654040896,279,198,197,5,2,68,78,72,12,75,21,252,1,2,159,492,12,49,1,1,13,1,14,3,7,117,531,24,54,1282,1854,77,158,59,24,0.712564381,5.55e-07,3.34e-06,4.42e-06,1.62e-08,8.49e-07,1,1,57.5,75.2,49.9,25.300000000000004,98.5,22.5,528.2748490093172,0.4889770832110176,0.0125349247145066,66.3563829787234
1991,9361300,6158100,65.78,253530,24290.0,36924.0,136.2,10255.46,14.93,29614.0,97918.0,2.6,325.5,3.75,3940000000000.0,179000000000.0,0.03,126764419.0,8.81,,,60687000.0,62068000.0,0,40,3,28.0,84.0,3285,592,986.3208301,2.620870639,222,175,174,9,1,62,79,57,6,63,65,241,15,10,235,465,28,52,1,0,11,0,41,5,13,117,531,31,39,1319,1966,81,171,82,41,0.687091135,4.89e-07,3.3e-06,4.3e-06,1.62e-08,9.18e-07,1,1,57.78,75.58,49.91,25.67,98.54,22.4,499.9977083579852,0.4633668501256975,0.0129570465033723,66.03598835670812
1992,9691100,6520300,67.28,256922,25379.0,37720.0,140.3,10531.36,15.63,29846.0,100019.0,2.5,416.08,2.98,4200000000000.0,188000000000.0,0.03,125087687.0,8.81,,,60164000.0,62160000.0,0,37,0,19.0,86.0,3532,624,1025.266164,2.702320917,191,181,174,6,1,54,93,37,12,61,23,219,4,3,259,466,26,52,1,0,8,0,42,8,8,103,496,47,35,1742,1790,67,152,58,22,0.733396992,6.07e-07,3.26e-06,5.13e-06,1.04e-08,7.39e-07,1,1,58.06,75.96000000000001,49.92,26.040000000000006,98.58,22.3,486.870283588015,0.463805329161511,0.0137473630128988,65.71879936808847
1993,9957700,6858600,68.88,260282,26350.0,38258.0,144.5,10811.98,16.12,30692.0,100049.0,2.5,435.23,2.89,4450000000000.0,197000000000.0,0.03,125843591.0,8.81,,,59812000.0,62566000.0,0,37,1,27.0,88.0,4317,671,949.4497596,2.60293703,182,179,173,3,5,47,95,39,19,72,23,236,6,3,351,538,25,71,1,3,5,0,28,22,5,99,605,24,30,2518,1799,64,169,39,37,0.770540897,5.67e-07,3.49e-06,5.4e-06,2.8e-08,1.01e-06,1,1,58.34,76.34,49.93,26.410000000000004,98.62,22.2,483.48941148446687,0.4337627936498269,0.0165858568783089,65.4047681425203
1994,10358900,7287200,70.35,263455,27660.0,39320.0,148.2,11099.67,16.56,31731.0,102210.0,2.5,472.99,2.79,4720000000000.0,206000000000.0,0.03,126396989.0,9.81,,,59305000.0,62295000.0,0,36,2,31.0,64.0,4651,761,920.9464344,2.628381905,200,198,190,6,2,43,100,50,23,72,51,277,5,4,354,513,14,55,0,1,10,1,14,15,19,100,573,13,26,2715,1936,64,168,40,38,0.775079531,5.76e-07,3.64e-06,5.56e-06,1.97e-08,1.02e-06,1,1,58.62,76.72,49.94,26.78,98.66,22.1,479.7669013683552,0.4270677211363023,0.0176538687821449,65.09384775808134
1995,10637000,7639700,71.82,266588,28658.0,39900.0,152.4,11446.31,16.66,32264.0,103123.0,2.5,465.25,2.96,4960000000000.0,227000000000.0,0.03,126899713.0,8.81,,,58193000.0,61229000.0,0,34,4,34.0,97.0,4692,749,891.8746898,2.945204892,209,189,184,1,1,45,96,49,32,83,38,362,1,4,306,418,18,51,0,0,9,0,22,18,16,112,695,7,49,2589,2103,57,180,27,22,0.775342055,6.44e-07,4.12e-06,5.76e-06,2.31e-08,9.7e-07,1,1,58.9,77.1,49.95,27.14999999999999,98.7,22.0,476.0143479826549,0.4653578333291338,0.0176001920566567,64.78599221789884
1996,11038300,8073100,73.14,269714,29932.0,40926.0,156.9,11842.48,16.84,33797.0,104212.0,2.5,614.42,2.43,5240000000000.0,253000000000.0,0.02,,9.64,,,56983000.0,60798000.0,0,30,3,30.0,91.0,4042,709,843.0688557,3.14354151,225,218,209,4,1,44,117,48,36,137,36,408,0,6,281,440,27,54,1,1,4,0,13,25,20,106,530,16,15,1963,2079,29,152,39,24,0.744496192,6.4e-07,4.01e-06,6.49e-06,2.97e-08,1e-06,1,1,59.16,77.48,49.96,27.520000000000003,98.74,21.94,480.98482466612785,0.482450475212237,0.0149862446888185,64.48115642746515
1997,11529200,8577600,74.4,272958,31424.0,42238.0,160.5,12255.15,18.12,34819.0,105576.0,2.5,766.22,2.02,5540000000000.0,288000000000.0,0.02,,9.64,,,56728000.0,60486000.0,0,27,1,42.0,81.0,3710,668,1016.888863,3.240536839,251,202,195,2,2,61,93,53,22,118,28,422,0,7,327,423,46,46,1,2,2,1,12,9,20,107,436,13,10,1692,2018,24,167,35,39,0.735282034,6.89e-07,4.34e-06,6.36e-06,1.88e-08,1.02e-06,1,1,59.42,77.86,49.97,27.89,98.78,21.88,475.34260582214114,0.4861814771533955,0.0135918346412268,64.17929617261751
1998,12045800,9062800,75.24,276154,32818.0,43620.0,163.0,12681.97,18.18,35535.0,107182.0,2.5,963.36,1.68,5880000000000.0,318000000000.0,0.02,,10.64,,,56182000.0,60066000.0,0,26,0,27.0,83.0,3557,620,1134.06162,3.511572615,251,185,180,1,1,38,85,55,20,85,15,441,0,7,307,453,37,32,1,7,4,1,20,9,21,94,409,15,13,1653,1904,16,169,21,25,0.748718627,6.92e-07,4.21e-06,6.03e-06,2.24e-08,1.08e-06,1,1,59.68,78.24,49.98,28.26,98.82,21.82,477.4106223339151,0.5187648378478527,0.0128804942169948,63.88036809815952
1999,12623400,9631200,76.3,279328,34480.0,45192.0,166.6,13097.0,18.75,36995.0,108465.0,2.5,1248.77,1.34,6280000000000.0,365000000000.0,0.03,,9.64,,,55979000.0,59894000.0,0,26,1,19.0,89.0,3066,450,1201.445988,3.508238826,224,113,106,8,2,42,75,31,12,78,13,391,0,2,271,408,31,42,1,6,1,2,10,11,36,91,303,13,18,1497,1569,32,173,23,27,0.744951927,6.81e-07,4.19e-06,6.52e-06,3.03e-08,1.14e-06,1,1,59.940000000000005,78.62,49.99,28.630000000000003,98.86,21.76,478.36743899644864,0.5070731748504201,0.0109763432237369,63.58432968710252
2000,13138000,10251000,78.03,282398,36300.0,46523.0,172.2,13597.0,19.36,38045.0,109367.0,2.5,1425.59,1.14,6760000000000.0,411000000000.0,0.03,,9.81,,,55773000.0,59421000.0,0,25,5,,,3233,390,1304.69125,3.881738312,239,103,97,8,11,57,116,30,11,78,14,337,0,5,260,444,9,43,2,2,2,0,12,16,31,71,369,15,37,1637,1596,38,160,23,36,0.746968808,5.24e-07,4.23e-06,8.39e-06,3.14e-08,1.36e-06,1,1,60.2,79.0,50.0,29.0,98.9,21.7,479.4649572589041,0.5428121867186991,0.0114483813624742,63.29113924050633
